Name	magMax	magMin	P
SMC V0233   	11.53	12.440	 127.61000000
SMC V1870   	11.74	12.590	 209.07000000
SMC V1026   	11.79	12.550	  73.38490000
SMC V0356   	11.97	13.060	  65.93700000
SMC V2282   	12.45	13.550	  41.80991200
SMC V0944   	12.69	13.290	  68.93150000
SMC V1234   	12.78	13.930	  42.77000000
SMC V1668   	12.87	13.570	  49.68400000
SMC V1391   	13.03	14.210	  33.03928400
SMC V2320   	13.15	13.880	  22.64682800
SMC V1876   	13.16	14.160	  29.06680000
SMC V0284   	13.19	14.400	  31.93019000
SMC V0204   	13.28	14.250	  18.89779000
SMC V0778   	13.31	13.880	  39.20000000
SMC V2064   	13.31	14.320	  33.67300000
SMC V1840   	13.33	14.340	  16.69679900
SMC V1363   	13.36	14.090	  39.19900000
SMC V0650   	13.44	14.450	  32.02654000
SMC V1166   	13.44	14.320	  32.73800000
SMC V1618   	13.46	14.400	  27.06602500
SMC V0218   	13.47	14.640	  28.44302900
SMC V0827   	13.50	15.270	  19.32688400
SMC V1789   	13.54	14.260	  17.20300000
SMC V0466   	13.56	14.700	  30.06343400
SMC V2310   	13.62	14.650	  25.43299700
SMC V0676   	13.67	14.730	  27.40627100
SMC V1996   	13.67	14.740	  15.96160000
SMC V0172   	13.75	14.480	  15.84083100
SMC V2061   	13.77	14.630	  12.57612000
SMC V1790   	13.78	14.660	  13.78093800
SMC V0363   	13.79	14.940	  23.97284000
SMC V2022   	13.80	15.100	  32.95640000
SMC V0746   	13.82	14.860	  22.14500000
SMC V1464   	13.86	14.610	  16.19695500
SMC V0586   	13.91	15.170	  13.46565600
SMC V0205   	13.94	14.670	  17.94070600
SMC V0239   	13.95	15.590	  16.74200600
SMC V2293   	13.99	14.720	  13.18480000
SMC V0985   	14.00	14.880	  14.57301100
SMC V0257   	14.06	14.990	  30.93300000
SMC V1689   	14.07	14.860	  18.11332000
SMC V2050   	14.08	14.900	  11.98340000
SMC V2075   	14.10	16.200	  14.57883200
SMC V1378   	14.13	14.980	  12.62387200
SMC V2262   	14.14	14.840	  13.46212000
SMC V1105   	14.16	15.220	  11.64365000
SMC V0603   	14.18	14.710	   9.00400000
SMC V1910   	14.18	15.140	  14.13567400
SMC V0851   	14.20	15.200	  41.40000000
SMC V2069   	14.20	15.300	  29.98950400
SMC V0594   	14.22	15.760	  15.82288000
SMC V0414   	14.26	15.400	  15.28748100
SMC V1296   	14.28	15.050	  14.59400000
SMC V0193   	14.30	15.130	  14.38060000
SMC V0828   	14.31	15.470	  20.45450000
SMC V1276   	14.33	15.050	  12.14993000
SMC V1980   	14.33	15.090	  11.40827800
SMC V0175   	14.36	15.480	  13.72740000
SMC V1230   	14.38	15.200	   9.40344500
SMC V0913   	14.39	15.490	  15.51035000
SMC V2053   	14.40	15.400	  10.18447000
SMC V2202   	14.40	16.500	   5.73902500
SMC V2281   	14.40	15.500	  11.25218000
SMC V0191   	14.46	15.310	   9.45143900
SMC V0214   	14.50	15.700	  13.47672600
SMC V0588   	14.50	15.500	  15.65190200
SMC V1047   	14.50	15.800	  15.61036500
SMC V1244   	14.50	16.570	   4.90073600
SMC V1948   	14.50	15.900	   7.33330000
SMC V1667   	14.51	15.260	  12.93872800
SMC V2048   	14.51	15.480	  12.15530700
SMC V1429   	14.57	15.440	  14.71497100
SMC V0189   	14.60	16.100	  16.28900000
SMC V0225   	14.60	15.800	  13.08774000
SMC V0713   	14.60	15.600	  15.70000000
SMC V1002   	14.60	16.070	   7.68297000
SMC V1279   	14.60	16.000	   6.84401800
SMC V0235   	14.64	15.870	  12.41326200
SMC V1159   	14.64	15.320	  11.39958000
SMC V0196   	14.70	15.590	   8.49344600
SMC V1232   	14.70	16.300	   7.77169900
SMC V0211   	14.80	15.900	  10.33506000
SMC V0301   	14.80	16.300	   8.06116100
SMC V0438   	14.80	16.400	  24.47950000
SMC V0620   	14.80	16.300	   9.56077800
SMC V1093   	14.80	16.100	   9.05133000
SMC V1523   	14.80	16.100	   7.95083200
SMC V1736   	14.80	16.000	   7.41680200
SMC V1794   	14.80	16.800	   4.94787400
SMC V2254   	14.80	16.400	   4.41384200
SMC V0656   	14.86	15.830	   6.29220800
SMC V0689   	14.90	16.900	   5.80335900
SMC V1337   	14.90	16.200	   7.89452900
SMC V2043   	14.90	15.900	  11.16623000
SMC V0608   	14.95	15.790	  28.60000000
SMC V2110   	14.99	15.550	   9.15797300
SMC V0231   	15.00	16.200	   7.48279600
SMC V0272   	15.00	16.200	  13.70935500
SMC V0349   	15.00	16.400	  10.43885000
SMC V1116   	15.00	16.600	   5.64933500
SMC V1179   	15.00	16.400	   4.86083400
SMC V1572   	15.00	16.400	  16.24484200
SMC V1754   	15.00	16.500	   9.08768700
SMC V1884   	15.00	16.500	   4.26996400
SMC V2106   	15.00	16.000	   7.60762800
SMC V2267   	15.00	16.300	   5.78971700
SMC V0412   	15.04	15.940	  13.65480000
SMC V0280   	15.10	16.400	   5.75000000
SMC V0310   	15.10	16.100	  10.48580700
SMC V0388   	15.10	16.300	  27.22839600
SMC V0610   	15.10	16.900	   9.18930300
SMC V0807   	15.10	17.030	  16.43502100
SMC V1024   	15.10	16.600	   8.33298600
SMC V1310   	15.10	16.100	   5.05811800
SMC V1422   	15.10	16.300	   7.49962500
SMC V1443   	15.10	16.260	   8.14883000
SMC V1480   	15.10	16.200	   8.87272100
SMC V1874   	15.10	16.600	   5.08336700
SMC V1960   	15.10	16.900	   4.96766000
SMC V2004   	15.10	16.500	   5.24865500
SMC V2132   	15.10	17.100	   3.78945800
SMC V0316   	15.12	16.140	   6.64816300
SMC V1375   	15.16	16.400	   4.41228000
SMC V0411   	15.18	15.990	   8.37621300
SMC V0198   	15.20	17.000	   7.94085000
SMC V0265   	15.20	16.800	  15.77411500
SMC V0285   	15.20	16.600	  14.42897300
SMC V0539   	15.20	16.700	   6.56641900
SMC V0696   	15.20	17.000	   6.81821300
SMC V0758   	15.20	16.100	  10.42752800
SMC V0840   	15.20	16.200	   3.92140000
SMC V0886   	15.20	16.700	   4.94239600
SMC V0957   	15.20	16.400	   9.52562400
SMC V1028   	15.20	16.000	   7.53409200
SMC V1103   	15.20	16.600	   6.18299200
SMC V1162   	15.20	16.300	   5.20083000
SMC V1194   	15.20	16.710	   5.32369300
SMC V1505   	15.20	16.700	   3.66621300
SMC V1589   	15.20	17.000	   3.49227900
SMC V1891   	15.20	16.100	   5.22485500
SMC V1958   	15.20	16.500	  14.24053800
SMC V2162   	15.20	16.700	   6.49022300
SMC V2212   	15.20	16.400	   6.42967000
SMC V2232   	15.20	16.600	   4.76915700
SMC V2238   	15.20	16.800	   3.69030000
SMC V0282   	15.30	16.600	  10.88399800
SMC V0517   	15.30	16.400	  13.29575100
SMC V0774   	15.30	17.290	   7.22851500
SMC V0982   	15.30	16.600	   4.33630700
SMC V1325   	15.30	16.300	   2.89964300
SMC V1357   	15.30	16.400	   3.65473000
SMC V1472   	15.30	16.400	   8.68274100
SMC V1544   	15.30	16.600	   4.92147800
SMC V1710   	15.30	16.500	   5.54895800
SMC V1749   	15.30	16.800	   5.04968900
SMC V1815   	15.30	16.500	   6.46872400
SMC V1858   	15.30	17.000	   5.31926200
SMC V1900   	15.30	16.900	   3.43843500
SMC V2019   	15.30	16.300	   7.16469000
SMC V2024   	15.30	16.900	   2.57722700
SMC V2028   	15.30	16.600	   5.91124900
SMC V2030   	15.30	16.700	   6.11209600
SMC V2055   	15.30	17.300	   3.22597300
SMC V2071   	15.30	16.800	   3.04395500
SMC V2123   	15.30	16.400	   6.06453900
SMC V2150   	15.30	16.800	   4.48206500
SMC V2167   	15.30	16.300	   8.98600000
SMC V2211   	15.30	17.100	   3.03131000
SMC V0261   	15.40	16.300	   8.39623500
SMC V0324   	15.40	16.300	   8.84955800
SMC V0389   	15.40	16.800	   7.01188500
SMC V0581   	15.40	17.000	   4.84605500
SMC V0695   	15.40	16.700	   6.54681600
SMC V0854   	15.40	16.450	   7.35007700
SMC V0857   	15.40	16.500	  12.54406000
SMC V0919   	15.40	17.200	   4.38825500
SMC V1084   	15.40	17.000	   3.24364700
SMC V1315   	15.40	16.500	   5.17180700
SMC V1317   	15.40	16.400	  10.75812500
SMC V1389   	15.40	16.340	   4.56166900
SMC V1395   	15.40	17.100	   3.33807300
SMC V1425   	15.40	16.370	   7.93543700
SMC V1513   	15.40	16.720	   5.46945600
SMC V1534   	15.40	16.600	   4.26037700
SMC V1610   	15.40	16.500	   6.83989800
SMC V1659   	15.40	16.700	   6.49059800
SMC V1759   	15.40	16.600	   4.76054500
SMC V1791   	15.40	17.100	   3.09919900
SMC V1825   	15.40	16.200	   7.99022000
SMC V1837   	15.40	17.200	   4.68505200
SMC V1917   	15.40	16.200	   6.29659500
SMC V1925   	15.40	16.400	   7.48060700
SMC V1965   	15.40	16.500	   6.56116300
SMC V2011   	15.40	16.600	   3.90831100
SMC V2013   	15.40	17.200	   2.93697800
SMC V2054   	15.40	16.100	   3.36876100
SMC V2068   	15.40	16.000	   7.18236000
SMC V2189   	15.40	16.800	   3.22959500
SMC V2246   	15.40	16.500	   6.69198000
SMC V2327   	15.40	17.200	   2.39642100
SMC V0352   	15.42	16.620	   4.54717000
SMC V0179   	15.50	17.200	   3.57965400
SMC V0523   	15.50	16.300	  10.03824600
SMC V0794   	15.50	16.500	   5.84221300
SMC V1058   	15.50	17.000	   4.58223700
SMC V1099   	15.50	16.800	   4.24581600
SMC V1145   	15.50	16.800	   3.66745000
SMC V1188   	15.50	16.800	   5.23382100
SMC V1370   	15.50	16.600	   4.89883800
SMC V1439   	15.50	17.000	   4.87662100
SMC V1456   	15.50	16.100	   3.47875000
SMC V1498   	15.50	17.100	   3.91436900
SMC V1525   	15.50	17.000	   4.63677700
SMC V1558   	15.50	16.700	   4.29077700
SMC V1672   	15.50	16.900	   3.34984800
SMC V1676   	15.50	16.300	   1.92349500
SMC V1743   	15.50	16.900	   5.09489200
SMC V1895   	15.50	16.900	   4.42926700
SMC V2016   	15.50	16.600	   3.80257100
SMC V2031   	15.50	17.200	   2.61341500
SMC V2100   	15.50	17.000	   3.83272400
SMC V2177   	15.50	16.900	   2.87980900
SMC V2237   	15.50	15.900	   2.94460800
SMC V2242   	15.50	17.200	   2.27359100
SMC V2273   	15.50	17.300	   2.42726500
SMC V2278   	15.50	16.700	   2.74656600
SMC V0213   	15.60	16.800	   4.91569600
SMC V0269   	15.60	16.500	  10.52808900
SMC V0283   	15.60	16.800	   4.89694400
SMC V0772   	15.60	16.700	   5.11208200
SMC V0941   	15.60	16.500	   4.16823000
SMC V1055   	15.60	17.000	   7.49821900
SMC V1077   	15.60	16.400	   2.68411700
SMC V1142   	15.60	17.000	   5.20272400
SMC V1165   	15.60	16.450	   8.12658000
SMC V1226   	15.60	17.300	   3.39100300
SMC V1254   	15.60	16.800	   6.38965400
SMC V1431   	15.60	16.150	   9.80824900
SMC V1502   	15.60	16.800	   5.77736700
SMC V1595   	15.60	17.200	   2.75561800
SMC V1697   	15.60	17.200	   3.45148900
SMC V1807   	15.60	17.500	   3.59169600
SMC V1831   	15.60	17.000	   2.84107100
SMC V1868   	15.60	16.800	   4.18827100
SMC V1992   	15.60	16.600	   4.70792100
SMC V2072   	15.60	17.100	   2.87211100
SMC V2102   	15.60	17.100	   3.07464300
SMC V2165   	15.60	16.500	   7.27267400
SMC V2207   	15.60	17.300	   2.42120200
SMC V2226   	15.60	16.800	   5.94322000
SMC V2259   	15.60	16.900	   2.96888300
SMC V2279   	15.60	16.900	   5.96228200
SMC V0450   	15.63	17.100	   3.69288100
SMC V1709   	15.65	16.720	   3.06551100
SMC V1481   	15.67	16.580	   2.16102200
SMC V0259   	15.70	17.000	   6.22882200
SMC V0371   	15.70	16.900	   3.05594400
SMC V0492   	15.70	17.200	   3.69918500
SMC V0643   	15.70	17.500	   5.94979600
SMC V0752   	15.70	17.100	   6.38475800
SMC V0799   	15.70	17.000	   3.64233700
SMC V0984   	15.70	17.200	   3.94124400
SMC V1123   	15.70	16.900	   4.37531400
SMC V1139   	15.70	17.200	   4.91680800
SMC V1196   	15.70	17.100	   2.58383900
SMC V1304   	15.70	17.000	   3.93480800
SMC V1394   	15.70	16.900	   3.55251100
SMC V1438   	15.70	17.200	   2.92663800
SMC V1463   	15.70	16.870	   4.79634700
SMC V1492   	15.70	16.800	   4.07921800
SMC V1583   	15.70	17.600	   2.35410400
SMC V1606   	15.70	17.400	   2.73208400
SMC V1635   	15.70	16.660	   6.11183400
SMC V1646   	15.70	16.800	   3.72490800
SMC V1690   	15.70	16.500	   3.08827800
SMC V1775   	15.70	16.300	   5.58444000
SMC V1781   	15.70	16.800	   4.87481500
SMC V1822   	15.70	17.200	   3.21585800
SMC V1871   	15.70	17.100	   3.33630100
SMC V1937   	15.70	17.400	   3.19795300
SMC V1998   	15.70	17.100	   4.34257600
SMC V2038   	15.70	17.200	   3.68495000
SMC V2085   	15.70	16.900	   2.87427300
SMC V2101   	15.70	16.900	   2.96088400
SMC V2107   	15.70	17.400	   2.41144000
SMC V2283   	15.70	16.700	   4.59375500
SMC V2285   	15.70	16.900	   2.57904700
SMC V1454   	15.76	16.540	   3.21437000
SMC V0240   	15.80	16.400	  10.67623300
SMC V0308   	15.80	17.300	   4.51155600
SMC V0369   	15.80	17.400	   5.80800000
SMC V0375   	15.80	16.900	   5.83301300
SMC V0666   	15.80	17.600	   4.35060700
SMC V0709   	15.80	16.600	   3.65500000
SMC V0958   	15.80	17.100	   5.72187100
SMC V1000   	15.80	16.800	   3.96820700
SMC V1119   	15.80	17.300	   2.94498800
SMC V1168   	15.80	17.400	   3.32499900
SMC V1231   	15.80	16.900	   4.25267700
SMC V1266   	15.80	16.800	   6.34216000
SMC V1324   	15.80	17.400	   5.67904300
SMC V1333   	15.80	17.200	   4.04522600
SMC V1371   	15.80	16.900	   3.97344200
SMC V1373   	15.80	17.200	   4.98723300
SMC V1412   	15.80	17.200	   5.12604000
SMC V1423   	15.80	17.500	   3.88976500
SMC V1453   	15.80	17.500	   2.21758000
SMC V1597   	15.80	17.300	   2.85124500
SMC V1613   	15.80	17.400	   3.36838700
SMC V1614   	15.80	17.000	   3.35757500
SMC V1693   	15.80	16.900	   5.65319400
SMC V1716   	15.80	16.600	   3.01871300
SMC V1783   	15.80	16.900	   3.97157900
SMC V1907   	15.80	17.500	   3.13080200
SMC V1930   	15.80	17.200	   4.21340000
SMC V1962   	15.80	17.600	   2.85778900
SMC V2002   	15.80	16.800	   3.09946800
SMC V2027   	15.80	17.100	   3.68896200
SMC V2065   	15.80	16.600	   2.24281000
SMC V2091   	15.80	17.000	   3.71085000
SMC V2097   	15.80	16.700	   5.93810100
SMC V2135   	15.80	17.200	   2.71246000
SMC V2142   	15.80	17.200	   4.73012000
SMC V2157   	15.80	16.900	   2.26875900
SMC V2186   	15.80	17.200	   4.84456200
SMC V2203   	15.80	17.000	   2.54816000
SMC V2228   	15.80	17.300	   3.19278700
SMC V2248   	15.80	16.900	   2.81218000
SMC V2257   	15.80	17.200	   2.99263200
SMC V2265   	15.80	16.800	   2.57394800
SMC V2298   	15.80	16.300	   2.44023900
SMC V0148   	15.90	16.300	   6.66373500
SMC V0194   	15.90	17.000	   5.79468300
SMC V0195   	15.90	17.500	   3.67652500
SMC V0271   	15.90	17.500	   3.90938000
SMC V0281   	15.90	16.600	   3.62043700
SMC V0292   	15.90	16.800	   7.72290200
SMC V0320   	15.90	16.900	   6.46383200
SMC V0554   	15.90	16.620	  11.19269300
SMC V0675   	15.90	17.600	   3.37296600
SMC V0677   	15.90	17.300	   1.61900000
SMC V0691   	15.90	17.100	   2.58030000
SMC V0742   	15.90	17.400	   4.50067300
SMC V0812   	15.90	17.400	   2.89067500
SMC V1128   	15.90	16.700	   3.45300000
SMC V1163   	15.90	16.800	   5.24961900
SMC V1172   	15.90	17.100	   3.05776700
SMC V1180   	15.90	17.300	   2.62892900
SMC V1278   	15.90	16.900	   3.90160000
SMC V1291   	15.90	16.800	   5.36152800
SMC V1369   	15.90	17.100	   6.06902900
SMC V1426   	15.90	17.100	   4.28956300
SMC V1514   	15.90	16.300	   7.27934500
SMC V1582   	15.90	17.500	   2.97318200
SMC V1630   	15.90	17.600	   2.60925600
SMC V1650   	15.90	17.000	   2.86115700
SMC V1745   	15.90	17.700	   2.53245300
SMC V1770   	15.90	17.500	   2.56622800
SMC V1810   	15.90	17.200	   5.08483400
SMC V1945   	15.90	17.300	   2.88408800
SMC V1953   	15.90	17.700	   2.54509200
SMC V1968   	15.90	17.600	   2.20374200
SMC V1984   	15.90	17.000	   5.04869500
SMC V2052   	15.90	16.900	   3.43503300
SMC V2066   	15.90	17.000	   3.78895500
SMC V2094   	15.90	17.400	   3.00780800
SMC V2111   	15.90	16.800	   2.40730100
SMC V2127   	15.90	17.900	   2.71266600
SMC V2141   	15.90	16.800	   2.50666100
SMC V2164   	15.90	16.600	   8.82667100
SMC V2215   	15.90	17.100	   4.94114700
SMC V2240   	15.90	17.000	   5.63255000
SMC V2288   	15.90	17.100	   3.40812500
SMC V2308   	15.90	16.800	   5.09491000
SMC V1955   	15.98	16.800	   2.87415600
SMC V0185   	16.00	17.500	   2.41684300
SMC V0274   	16.00	18.000	   3.26229300
SMC V0334   	16.00	17.400	   5.66235400
SMC V0339   	16.00	16.900	   4.98812800
SMC V0379   	16.00	17.000	   4.88531700
SMC V0386   	16.00	16.600	   1.71230000
SMC V0445   	16.00	17.500	   2.99375100
SMC V0638   	16.00	18.100	   2.31100100
SMC V0698   	16.00	17.000	   3.54584800
SMC V0705   	16.00	17.100	   5.11909600
SMC V0766   	16.00	17.000	   3.85881300
SMC V0834   	16.00	17.300	   4.49674700
SMC V0910   	16.00	17.400	   6.47337200
SMC V0989   	16.00	16.900	   2.90468400
SMC V1029   	16.00	17.200	   4.84634700
SMC V1076   	16.00	16.700	   5.14612400
SMC V1112   	16.00	17.100	   2.76869500
SMC V1164   	16.00	17.500	   3.97036500
SMC V1202   	16.00	17.500	   3.97238400
SMC V1259   	16.00	16.700	   4.04081200
SMC V1265   	16.00	17.700	   1.67005400
SMC V1330   	16.00	17.400	   3.82562800
SMC V1345   	16.00	17.400	   2.22069700
SMC V1359   	16.00	17.000	   3.71792800
SMC V1396   	16.00	17.100	   1.65693500
SMC V1442   	16.00	17.000	   3.05644000
SMC V1446   	16.00	17.100	   6.81027300
SMC V1461   	16.00	17.400	   3.96308000
SMC V1462   	16.00	17.100	   4.72994400
SMC V1471   	16.00	17.500	   4.18144100
SMC V1476   	16.00	17.500	   1.49178500
SMC V1501   	16.00	17.900	   2.82576100
SMC V1527   	16.00	17.300	   3.13165500
SMC V1531   	16.00	17.100	   3.05137600
SMC V1556   	16.00	17.000	   2.71415300
SMC V1563   	16.00	16.900	   2.78813300
SMC V1702   	16.00	17.600	   2.80221200
SMC V1860   	16.00	16.900	   2.99379700
SMC V1941   	16.00	17.400	   2.34636200
SMC V2005   	16.00	17.300	   2.84723200
SMC V2012   	16.00	17.200	   3.54490700
SMC V2014   	16.00	17.300	   2.55771300
SMC V2041   	16.00	17.600	   2.61813000
SMC V2044   	16.00	17.500	   2.30896200
SMC V2049   	16.00	17.500	   3.15617700
SMC V2076   	16.00	17.000	   3.71667100
SMC V2078   	16.00	17.400	   1.42403100
SMC V2117   	16.00	17.500	   2.45056600
SMC V2125   	16.00	17.200	   2.22255300
SMC V2172   	16.00	17.400	   2.90306100
SMC V2181   	16.00	17.100	   3.81105300
SMC V2210   	16.00	17.200	   3.04671800
SMC V2219   	16.00	16.600	   3.34635300
SMC V2280   	16.00	17.200	   3.00775400
SMC V0184   	16.10	17.000	   3.43960600
SMC V0497   	16.10	17.600	   5.11399000
SMC V0652   	16.10	17.300	   7.16424100
SMC V0845   	16.10	17.900	   3.36094900
SMC V0846   	16.10	16.900	   3.15968700
SMC V0983   	16.10	17.200	   4.46187600
SMC V1050   	16.10	17.700	   1.96964400
SMC V1070   	16.10	17.100	   3.26655400
SMC V1085   	16.10	17.600	   3.48754100
SMC V1134   	16.10	17.100	   2.59596600
SMC V1200   	16.10	17.600	   2.24338000
SMC V1220   	16.10	17.600	   2.33094800
SMC V1280   	16.10	17.200	   2.84626200
SMC V1411   	16.10	17.500	   1.90933300
SMC V1445   	16.10	17.100	   3.74975600
SMC V1493   	16.10	17.300	   3.61004300
SMC V1515   	16.10	17.400	   3.16303500
SMC V1528   	16.10	17.300	   2.23608600
SMC V1529   	16.10	17.400	   2.54070200
SMC V1540   	16.10	17.200	   5.45884300
SMC V1551   	16.10	17.700	   1.96651000
SMC V1653   	16.10	17.300	   3.69315700
SMC V1671   	16.10	18.000	   2.14259400
SMC V1735   	16.10	17.400	   3.50983100
SMC V1788   	16.10	17.400	   2.64470500
SMC V1808   	16.10	17.700	   3.04498400
SMC V1838   	16.10	17.200	   2.69336300
SMC V1890   	16.10	17.100	   3.35168900
SMC V1975   	16.10	18.000	   2.84904300
SMC V1994   	16.10	17.600	   2.98260000
SMC V2007   	16.10	17.200	   3.39947100
SMC V2017   	16.10	17.300	   2.80089300
SMC V2020   	16.10	17.600	   3.21979600
SMC V2046   	16.10	16.600	   1.80718100
SMC V2062   	16.10	16.900	   2.49911100
SMC V2129   	16.10	17.000	   1.82840700
SMC V2137   	16.10	16.900	   2.95000000
SMC V2168   	16.10	17.900	   2.16012100
SMC V2179   	16.10	17.500	   2.98751800
SMC V2190   	16.10	17.200	   2.41680400
SMC V2195   	16.10	17.800	   2.29923200
SMC V2220   	16.10	17.400	   2.50961300
SMC V1722   	16.15	17.480	   1.64328000
SMC V1102   	16.17	17.200	   4.49193900
SMC V0190   	16.20	17.400	   3.27787200
SMC V0203   	16.20	17.400	   3.48920800
SMC V0210   	16.20	18.200	   1.73095700
SMC V0287   	16.20	17.300	   4.65445300
SMC V0295   	16.20	17.600	   2.57749900
SMC V0307   	16.20	17.600	   4.34110700
SMC V0317   	16.20	17.300	   3.91112800
SMC V0333   	16.20	17.700	   3.50082400
SMC V0350   	16.20	17.200	   7.33458700
SMC V0401   	16.20	17.700	   2.03712500
SMC V0421   	16.20	17.200	   4.19316900
SMC V0537   	16.20	17.400	   2.91286200
SMC V0729   	16.20	17.600	   4.17391900
SMC V0747   	16.20	17.900	   5.08758300
SMC V0753   	16.20	17.000	   3.07205400
SMC V0775   	16.20	17.200	   4.89000000
SMC V0837   	16.20	17.600	   1.58115000
SMC V0889   	16.20	17.800	   1.90280100
SMC V0902   	16.20	17.500	   5.66536900
SMC V1092   	16.20	17.400	   4.18058400
SMC V1106   	16.20	16.900	   2.95667300
SMC V1237   	16.20	17.200	   3.51980100
SMC V1267   	16.20	17.100	   3.50414900
SMC V1285   	16.20	17.400	   3.39275200
SMC V1305   	16.20	17.500	   3.60567000
SMC V1308   	16.20	17.400	   2.93156300
SMC V1316   	16.20	17.400	   3.77616400
SMC V1326   	16.20	17.900	   2.15006100
SMC V1331   	16.20	17.400	   1.87037500
SMC V1415   	16.20	17.500	   2.81767900
SMC V1519   	16.20	16.900	   7.75530500
SMC V1538   	16.20	17.400	   3.62836800
SMC V1541   	16.20	17.200	   2.04235900
SMC V1612   	16.20	16.900	   6.42700600
SMC V1617   	16.20	18.100	   2.43789900
SMC V1626   	16.20	17.700	   2.17277000
SMC V1741   	16.20	16.700	   3.35569300
SMC V1819   	16.20	17.700	   2.46544700
SMC V1841   	16.20	17.000	   2.93738400
SMC V1926   	16.20	17.600	   2.40358300
SMC V1957   	16.20	17.500	   5.01280800
SMC V1986   	16.20	17.600	   1.61179600
SMC V1990   	16.20	18.100	   1.62951100
SMC V1991   	16.20	17.700	   2.48922800
SMC V2009   	16.20	17.100	   4.74214600
SMC V2025   	16.20	17.700	   1.90901300
SMC V2047   	16.20	17.800	   2.87831900
SMC V2115   	16.20	17.000	   1.76312200
SMC V2126   	16.20	17.500	   2.98215500
SMC V2133   	16.20	17.300	   2.96004200
SMC V2148   	16.20	17.500	   2.06042000
SMC V2151   	16.20	16.600	   1.83087500
SMC V2155   	16.20	16.800	   5.66225800
SMC V2227   	16.20	16.500	   1.29579400
SMC V2235   	16.20	17.200	   3.16906000
SMC V2245   	16.20	17.400	   3.71206600
SMC V2264   	16.20	17.100	   3.00818500
SMC V2326   	16.20	16.800	   2.25964000
SMC V0212   	16.30	17.500	   3.06859500
SMC V0241   	16.30	16.800	   8.84447000
SMC V0242   	16.30	17.200	   2.74756200
SMC V0313   	16.30	17.600	   4.50602700
SMC V0469   	16.30	17.900	   2.47955600
SMC V0518   	16.30	17.200	   2.96474600
SMC V0577   	16.30	16.800	   4.16061000
SMC V0579   	16.30	17.700	   1.86655600
SMC V0697   	16.30	16.900	   1.79957000
SMC V0810   	16.30	17.000	   4.78706000
SMC V0848   	16.30	17.500	   3.94890100
SMC V1021   	16.30	18.100	   2.41933300
SMC V1035   	16.30	17.400	   2.22775700
SMC V1082   	16.30	17.200	   6.20952200
SMC V1211   	16.30	17.100	   1.46756500
SMC V1245   	16.30	17.200	   5.10451500
SMC V1277   	16.30	17.600	   4.85824400
SMC V1292   	16.30	17.100	   4.67222000
SMC V1303   	16.30	17.200	   2.97686300
SMC V1352   	16.30	17.500	   1.75458000
SMC V1360   	16.30	17.200	   1.11495600
SMC V1522   	16.30	17.400	   2.89041600
SMC V1554   	16.30	17.900	   3.00367900
SMC V1555   	16.30	17.200	   2.00808900
SMC V1569   	16.30	17.600	   2.32772500
SMC V1580   	16.30	17.500	   1.67205600
SMC V1698   	16.30	17.500	   3.10325800
SMC V1711   	16.30	17.300	   3.57309700
SMC V1738   	16.30	17.600	   1.71859100
SMC V1764   	16.30	17.400	   3.20611500
SMC V1793   	16.30	16.800	   2.01662900
SMC V1803   	16.30	16.800	   1.99681300
SMC V1861   	16.30	17.100	   2.00761300
SMC V1877   	16.30	17.400	   4.27741600
SMC V1886   	16.30	17.300	   2.52430900
SMC V1911   	16.30	17.800	   2.72255500
SMC V1932   	16.30	16.700	   1.78302400
SMC V2037   	16.30	17.300	   2.85999300
SMC V2042   	16.30	17.500	   1.94281500
SMC V2045   	16.30	17.000	   2.50155100
SMC V2087   	16.30	17.100	   1.92837300
SMC V2105   	16.30	17.400	   4.02758100
SMC V2176   	16.30	17.400	   2.76907200
SMC V2194   	16.30	17.700	   2.85497700
SMC V2205   	16.30	17.500	   2.88654300
SMC V2230   	16.30	17.400	   2.56234600
SMC V2269   	16.30	17.700	   2.28254900
SMC V2300   	16.30	17.600	   2.47550100
SMC V1441   	16.37	17.440	   2.66727800
SMC V0216   	16.40	17.500	   3.80950000
SMC V0219   	16.40	16.800	   3.27053900
SMC V0224   	16.40	17.500	   3.73791200
SMC V0226   	16.40	17.800	   3.07526700
SMC V0291   	16.40	17.500	   4.65000000
SMC V0406   	16.40	17.000	  11.77024500
SMC V0499   	16.40	17.320	   5.40461600
SMC V0599   	16.40	17.700	   3.28323100
SMC V0615   	16.40	17.700	   3.22494900
SMC V0626   	16.40	17.500	   3.24358300
SMC V0654   	16.40	17.800	   5.00207600
SMC V0665   	16.40	16.900	   3.04229700
SMC V0683   	16.40	17.800	   3.07444300
SMC V0694   	16.40	17.000	   1.57160000
SMC V0864   	16.40	17.600	   2.42160400
SMC V0925   	16.40	17.100	   2.41279000
SMC V0955   	16.40	17.600	   4.83828000
SMC V1054   	16.40	17.200	   3.16830600
SMC V1155   	16.40	17.300	   2.76907800
SMC V1207   	16.40	17.300	   4.66700900
SMC V1223   	16.40	17.200	   3.05046200
SMC V1289   	16.40	17.200	   1.66390700
SMC V1344   	16.40	17.600	   3.26772800
SMC V1353   	16.40	17.400	   3.80853700
SMC V1355   	16.40	17.400	   1.77890000
SMC V1365   	16.40	17.600	   2.32082100
SMC V1434   	16.40	17.000	   2.48146300
SMC V1466   	16.40	17.400	   3.71404800
SMC V1483   	16.40	17.000	   3.73450600
SMC V1542   	16.40	17.800	   3.24467800
SMC V1584   	16.40	17.500	   2.98831200
SMC V1723   	16.40	17.700	   3.32798600
SMC V1729   	16.40	17.200	   4.36378200
SMC V1747   	16.40	18.000	   1.60385700
SMC V1755   	16.40	17.900	   3.21261400
SMC V1777   	16.40	17.500	   1.25809300
SMC V1779   	16.40	17.600	   3.45899900
SMC V1848   	16.40	17.900	   3.23468600
SMC V1856   	16.40	17.400	   4.46897400
SMC V1927   	16.40	17.800	   1.96781800
SMC V1988   	16.40	17.900	   1.45857100
SMC V2006   	16.40	17.800	   1.97925400
SMC V2023   	16.40	17.700	   1.93286800
SMC V2060   	16.40	17.300	   3.45398100
SMC V2095   	16.40	17.300	   1.30088200
SMC V2096   	16.40	17.200	   1.78981800
SMC V2103   	16.40	17.200	   3.16396000
SMC V2124   	16.40	17.700	   2.77871900
SMC V2163   	16.40	17.500	   1.52411100
SMC V2193   	16.40	17.100	   3.43743900
SMC V2196   	16.40	17.200	   3.75193700
SMC V2209   	16.40	17.300	   1.80209700
SMC V2233   	16.40	17.200	   1.52352300
SMC V2274   	16.40	17.400	   1.62244100
SMC V2309   	16.40	17.600	   3.53167800
SMC V2319   	16.40	17.000	   1.39772200
SMC V0245   	16.50	17.700	   4.38842900
SMC V0312   	16.50	17.800	   1.77927300
SMC V0436   	16.50	17.100	   2.81610000
SMC V0482   	16.50	17.800	   1.87214000
SMC V0490   	16.50	17.800	   3.08933900
SMC V0502   	16.50	17.900	   2.99580600
SMC V0525   	16.50	17.800	   3.22389300
SMC V0535   	16.50	17.700	   3.06191500
SMC V0566   	16.50	17.700	   2.76979900
SMC V0593   	16.50	17.200	   2.05001300
SMC V0751   	16.50	17.800	   1.44324900
SMC V0781   	16.50	17.300	   2.38212100
SMC V0839   	16.50	18.000	   2.58164400
SMC V0965   	16.50	17.900	   2.60191000
SMC V0980   	16.50	17.800	   3.38786700
SMC V0987   	16.50	17.300	   1.56658000
SMC V1051   	16.50	17.400	   1.85482700
SMC V1071   	16.50	17.600	   4.73588000
SMC V1110   	16.50	17.000	   1.79007800
SMC V1115   	16.50	18.000	   1.45050100
SMC V1144   	16.50	17.200	   3.59852000
SMC V1212   	16.50	17.900	   1.42351800
SMC V1251   	16.50	17.300	   1.25832900
SMC V1258   	16.50	17.200	   2.07731300
SMC V1281   	16.50	17.500	   2.39690900
SMC V1314   	16.50	17.600	   2.37007300
SMC V1327   	16.50	17.800	   2.50964300
SMC V1340   	16.50	17.600	   1.67004300
SMC V1341   	16.50	17.100	   1.89786400
SMC V1358   	16.50	18.000	   2.24216800
SMC V1406   	16.50	17.500	   1.50570900
SMC V1440   	16.50	17.600	   5.73394500
SMC V1475   	16.50	17.500	   2.91156400
SMC V1487   	16.50	17.700	   3.86075000
SMC V1552   	16.50	17.700	   3.35161100
SMC V1628   	16.50	17.600	   2.80742700
SMC V1705   	16.50	17.040	   1.24133600
SMC V1939   	16.50	17.300	   4.70041900
SMC V2032   	16.50	17.500	   2.79447500
SMC V2035   	16.50	17.800	   1.66226700
SMC V2116   	16.50	17.300	   1.63641000
SMC V2118   	16.50	17.300	   1.78517600
SMC V2134   	16.50	17.400	   1.77503600
SMC V2154   	16.50	17.700	   1.27894600
SMC V2182   	16.50	17.600	   2.03455100
SMC V2192   	16.50	17.700	   4.00612400
SMC V2197   	16.50	17.700	   1.38036300
SMC V2222   	16.50	17.700	   2.03063600
SMC V0236   	16.60	17.400	   2.16629800
SMC V0237   	16.60	17.500	   1.99876100
SMC V0238   	16.60	17.500	   2.47457400
SMC V0254   	16.60	18.000	   2.63827900
SMC V0289   	16.60	18.100	   1.90960000
SMC V0330   	16.60	17.600	   2.07503700
SMC V0335   	16.60	17.400	   1.57934700
SMC V0560   	16.60	17.700	   2.94263000
SMC V0597   	16.60	17.600	   2.75627200
SMC V0653   	16.60	17.500	   5.88886500
SMC V0749   	16.60	17.900	   1.90296900
SMC V0791   	16.60	17.500	   3.25255100
SMC V0873   	16.60	17.800	   1.68520100
SMC V1015   	16.60	17.400	   2.00381100
SMC V1032   	16.60	17.800	   1.98565200
SMC V1043   	16.60	17.400	   4.35686200
SMC V1073   	16.60	17.700	   3.99779300
SMC V1132   	16.60	17.500	   2.97410200
SMC V1147   	16.60	17.300	   2.76956100
SMC V1160   	16.60	17.800	   1.99755100
SMC V1171   	16.60	17.300	   2.54753000
SMC V1206   	16.60	17.500	   1.75869000
SMC V1348   	16.60	17.200	   1.34141400
SMC V1361   	16.60	17.200	   1.82248600
SMC V1392   	16.60	17.400	   2.51920300
SMC V1401   	16.60	17.200	   4.76990000
SMC V1427   	16.60	17.700	   2.10763300
SMC V1436   	16.60	17.000	   1.67720200
SMC V1494   	16.60	17.400	   1.79638700
SMC V1509   	16.60	18.000	   2.93452200
SMC V1568   	16.60	17.300	   5.12802100
SMC V1681   	16.60	17.800	   1.64870100
SMC V1795   	16.60	17.700	   2.90531300
SMC V1813   	16.60	17.700	   1.45570000
SMC V1830   	16.60	17.800	   2.43654400
SMC V1847   	16.60	17.800	   1.87676800
SMC V1872   	16.60	17.600	   3.61661000
SMC V1931   	16.60	17.800	   2.82000700
SMC V1940   	16.60	18.100	   1.65676200
SMC V1951   	16.60	17.700	   2.93020500
SMC V2088   	16.60	17.100	   1.58025100
SMC V2136   	16.60	17.500	   3.82565700
SMC V2147   	16.60	17.900	   1.38954900
SMC V2152   	16.60	17.700	   1.19870900
SMC V2159   	16.60	17.500	   1.50948400
SMC V2236   	16.60	17.300	   1.13156000
SMC V2277   	16.60	17.500	   2.26464900
SMC V2294   	16.60	17.400	   1.43842400
SMC V2301   	16.60	16.900	   2.03368600
SMC V1629   	16.68	17.320	   2.46491800
SMC V0178   	16.70	17.900	   2.00198600
SMC V0188   	16.70	17.500	   3.14121700
SMC V0220   	16.70	17.400	   2.24803000
SMC V0315   	16.70	18.100	   1.91474800
SMC V0332   	16.70	18.200	   2.45910800
SMC V0351   	16.70	17.800	   2.39281500
SMC V0360   	16.70	18.000	   3.13120300
SMC V0572   	16.70	17.400	   1.74483200
SMC V0611   	16.70	17.400	   3.42044100
SMC V0714   	16.70	17.400	   1.89145300
SMC V0719   	16.70	17.400	   6.08442800
SMC V0728   	16.70	17.900	   2.16085900
SMC V0745   	16.70	18.000	   4.38454100
SMC V0861   	16.70	17.200	   1.31918500
SMC V0948   	16.70	17.400	   2.07306300
SMC V0969   	16.70	17.300	   1.89782500
SMC V0978   	16.70	17.600	   3.24889500
SMC V1005   	16.70	17.400	   3.73980000
SMC V1111   	16.70	17.500	   3.74114300
SMC V1201   	16.70	17.700	   1.42304000
SMC V1243   	16.70	17.800	   2.74129600
SMC V1264   	16.70	17.400	   1.77583900
SMC V1335   	16.70	18.300	   1.86092900
SMC V1368   	16.70	17.600	   2.14458800
SMC V1432   	16.70	17.800	   1.72678800
SMC V1497   	16.70	17.800	   2.03810400
SMC V1573   	16.70	17.400	   2.09685400
SMC V1604   	16.70	18.000	   1.97922200
SMC V1638   	16.70	17.500	   1.30086000
SMC V1643   	16.70	17.300	   1.27577200
SMC V1699   	16.70	17.500	   1.72288700
SMC V1700   	16.70	17.800	   2.22575900
SMC V1730   	16.70	18.000	   2.50310400
SMC V1772   	16.70	17.700	   2.97280100
SMC V1834   	16.70	17.400	   2.69105100
SMC V1921   	16.70	17.800	   2.09523300
SMC V1946   	16.70	18.000	   1.39111500
SMC V1987   	16.70	18.500	   1.30910000
SMC V1995   	16.70	17.700	   2.59094200
SMC V2015   	16.70	17.500	   1.29162600
SMC V2201   	16.70	17.300	   1.75837200
SMC V2261   	16.70	17.800	   1.62623800
SMC V2268   	16.70	17.600	   1.36788400
SMC V0202   	16.80	17.200	   2.76993000
SMC V0217   	16.80	17.500	   2.13345400
SMC V0221   	16.80	17.900	   2.01785000
SMC V0228   	16.80	18.000	   2.30626800
SMC V0251   	16.80	17.700	   2.01137200
SMC V0328   	16.80	17.600	   3.56979700
SMC V0340   	16.80	18.100	   1.74006900
SMC V0357   	16.80	18.000	   4.12651900
SMC V0437   	16.80	18.100	   1.66370000
SMC V0439   	16.80	17.700	   1.91203500
SMC V0510   	16.80	18.600	   2.26734000
SMC V0592   	16.80	17.400	   4.12394900
SMC V0630   	16.80	17.500	   4.67241600
SMC V0667   	16.80	18.300	   1.42852500
SMC V0702   	16.80	17.800	   1.88624800
SMC V0771   	16.80	17.900	   3.03792500
SMC V0780   	16.80	17.900	   2.70845200
SMC V0797   	16.80	18.100	   1.92039900
SMC V0946   	16.80	17.200	   1.90729800
SMC V0950   	16.80	17.300	   3.25180000
SMC V0964   	16.80	17.400	   2.63770900
SMC V1009   	16.80	17.600	   2.47788000
SMC V1010   	16.80	18.200	   2.00302000
SMC V1061   	16.80	17.500	   1.65871000
SMC V1086   	16.80	17.800	   2.07205800
SMC V1175   	16.80	17.800	   1.71537200
SMC V1248   	16.80	17.800	   1.82033000
SMC V1282   	16.80	17.800	   1.93596200
SMC V1309   	16.80	17.900	   1.44615000
SMC V1313   	16.80	17.600	   2.51229100
SMC V1414   	16.80	17.300	   1.77744900
SMC V1469   	16.80	18.000	   3.10138100
SMC V1485   	16.80	18.200	   1.96061500
SMC V1503   	16.80	17.900	   1.59550700
SMC V1516   	16.80	17.600	   2.27957600
SMC V1576   	16.80	17.400	   1.70464000
SMC V1579   	16.80	17.600	   2.86703800
SMC V1586   	16.80	18.100	   1.54820100
SMC V1625   	16.80	17.400	   1.08469400
SMC V1684   	16.80	17.400	   2.01310900
SMC V1859   	16.80	18.200	   1.54972700
SMC V1887   	16.80	17.700	   1.07349300
SMC V1898   	16.80	17.900	   2.09277300
SMC V1905   	16.80	18.000	   1.47280600
SMC V1920   	16.80	18.100	   2.57097800
SMC V1938   	16.80	17.500	   2.43252200
SMC V1971   	16.80	17.700	   1.50708600
SMC V2121   	16.80	17.400	   1.32177900
SMC V2139   	16.80	17.300	   2.61073600
SMC V2166   	16.80	17.200	   1.52016800
SMC V0187   	16.90	17.800	   1.85311800
SMC V0288   	16.90	17.900	   1.90342800
SMC V0294   	16.90	17.700	   1.93495500
SMC V0299   	16.90	17.600	   1.69637900
SMC V0347   	16.90	18.100	   6.01153300
SMC V0348   	16.90	17.500	   1.71556000
SMC V0418   	16.90	17.600	   4.79402500
SMC V0455   	16.90	17.700	   3.14310200
SMC V0513   	16.90	18.000	   2.45108300
SMC V0540   	16.90	18.000	   1.70142700
SMC V0672   	16.90	17.500	   3.19028700
SMC V0716   	16.90	17.400	   1.82014100
SMC V0838   	16.90	17.900	   2.54831700
SMC V0901   	16.90	17.800	   1.77176400
SMC V0920   	16.90	17.200	   4.31387800
SMC V0942   	16.90	17.700	   1.45900400
SMC V1011   	16.90	17.600	   5.59018400
SMC V1048   	16.90	17.900	   1.37726400
SMC V1135   	16.90	17.500	   2.03098900
SMC V1136   	16.90	17.800	   1.39610000
SMC V1149   	16.90	18.100	   2.33273700
SMC V1187   	16.90	17.700	   1.49117700
SMC V1203   	16.90	17.300	   1.61143200
SMC V1210   	16.90	17.900	   1.95666300
SMC V1239   	16.90	18.000	   1.78136900
SMC V1255   	16.90	17.500	   3.21361500
SMC V1263   	16.90	17.500	   2.04228800
SMC V1311   	16.90	17.500	   2.02275600
SMC V1367   	16.90	17.900	   3.37181700
SMC V1379   	16.90	18.000	   1.81016800
SMC V1393   	16.90	17.900	   1.79636100
SMC V1437   	16.90	18.200	   1.68044100
SMC V1482   	16.90	17.800	   2.01866000
SMC V1507   	16.90	17.900	   2.09832300
SMC V1545   	16.90	17.900	   2.89496800
SMC V1549   	16.90	17.500	   1.51656200
SMC V1564   	16.90	17.400	   1.14116200
SMC V1592   	16.90	17.800	   1.83353700
SMC V1685   	16.90	17.800	   1.77854000
SMC V1823   	16.90	17.800	   1.66264600
SMC V1852   	16.90	17.800	   1.04953800
SMC V1903   	16.90	17.600	   1.61805000
SMC V1914   	16.90	18.100	   3.00823400
SMC V1935   	16.90	17.500	   1.87921200
SMC V1967   	16.90	17.900	   1.84272400
SMC V1981   	16.90	17.900	   1.33884800
SMC V2000   	16.90	17.900	   1.36497000
SMC V2112   	16.90	17.900	   1.39587800
SMC V0297   	17.00	18.000	   1.43902700
SMC V0326   	17.00	17.700	   1.92762500
SMC V0338   	17.00	18.000	   2.29435200
SMC V0343   	17.00	17.900	   1.97038100
SMC V0377   	17.00	17.900	   1.83780400
SMC V0532   	17.00	18.100	   1.50230000
SMC V0651   	17.00	17.800	   1.54763300
SMC V0679   	17.00	18.000	   1.94637000
SMC V0737   	17.00	18.300	   1.57416000
SMC V0813   	17.00	17.600	   4.28460000
SMC V0897   	17.00	17.500	   1.43830100
SMC V0953   	17.00	17.800	   1.48293400
SMC V1003   	17.00	17.900	   1.86640600
SMC V1072   	17.00	18.300	   2.70740800
SMC V1169   	17.00	17.700	   1.41989200
SMC V1424   	17.00	17.800	   1.14542200
SMC V1449   	17.00	18.000	   1.32154100
SMC V1627   	17.00	18.000	   3.27732400
SMC V1662   	17.00	17.500	   3.14645500
SMC V1664   	17.00	17.800	   1.86929500
SMC V1686   	17.00	17.800	   1.75862200
SMC V1694   	17.00	18.400	   1.57714500
SMC V1725   	17.00	17.800	   3.93067900
SMC V1739   	17.00	18.200	   1.44570600
SMC V1782   	17.00	17.700	   1.44084500
SMC V1785   	17.00	18.100	   1.85845300
SMC V1828   	17.00	18.100	   1.88267900
SMC V1842   	17.00	18.000	   1.66809000
SMC V1857   	17.00	18.200	   1.25306200
SMC V1865   	17.00	18.000	   1.40195600
SMC V1873   	17.00	17.700	   1.21124600
SMC V1964   	17.00	17.700	   1.64218400
SMC V2001   	17.00	17.800	   1.97735500
SMC V2003   	17.00	17.800	   1.44373700
SMC V2056   	17.00	17.400	   1.11074300
SMC V2213   	17.00	18.000	   1.43067900
SMC V2217   	17.00	17.400	   3.31744200
SMC V0163   	17.10	17.500	   1.85347200
SMC V0276   	17.10	18.000	   1.69914300
SMC V0286   	17.10	17.700	   1.66924000
SMC V0323   	17.10	18.200	   2.15395200
SMC V0336   	17.10	17.800	   3.68353300
SMC V0485   	17.10	17.700	   1.77115700
SMC V0500   	17.10	18.300	   2.17158600
SMC V0511   	17.10	18.000	   2.74954900
SMC V0533   	17.10	18.300	   2.13675000
SMC V0585   	17.10	18.100	   1.78266000
SMC V0596   	17.10	17.900	   3.83278200
SMC V0673   	17.10	17.700	   2.87668000
SMC V0678   	17.10	18.000	   1.29020800
SMC V0710   	17.10	18.200	   1.50466200
SMC V0711   	17.10	17.700	   1.25122000
SMC V0748   	17.10	17.700	   1.14072600
SMC V0803   	17.10	17.800	   2.54463300
SMC V1185   	17.10	17.600	   1.51785800
SMC V1233   	17.10	17.900	   1.18686900
SMC V1257   	17.10	17.600	   1.27996100
SMC V1299   	17.10	17.900	   1.73781900
SMC V1301   	17.10	17.800	   2.31397400
SMC V1381   	17.10	18.100	   1.45390000
SMC V1428   	17.10	17.800	   1.87666600
SMC V1451   	17.10	17.500	   1.74528600
SMC V1533   	17.10	18.200	   1.66757500
SMC V1559   	17.10	17.700	   1.46720900
SMC V1611   	17.10	17.900	   1.95226300
SMC V1675   	17.10	18.000	   1.94305300
SMC V1714   	17.10	17.700	   2.15600900
SMC V1827   	17.10	18.000	   1.33442600
SMC V1835   	17.10	17.800	   2.76872600
SMC V1880   	17.10	18.100	   1.90307300
SMC V2128   	17.10	17.800	   1.39035300
SMC V0146   	17.20	17.800	   1.25391200
SMC V0215   	17.20	18.000	   2.23263100
SMC V0270   	17.20	18.200	   1.44507200
SMC V0304   	17.20	17.900	   2.05633100
SMC V0344   	17.20	18.300	   1.53206000
SMC V0346   	17.20	17.900	   1.66230000
SMC V0380   	17.20	18.000	   1.70740400
SMC V0449   	17.20	17.800	   1.63847900
SMC V0472   	17.20	17.600	   2.00440200
SMC V0604   	17.20	18.300	   2.43385100
SMC V0730   	17.20	18.000	   2.44465000
SMC V0735   	17.20	17.700	   1.36142000
SMC V0795   	17.20	17.800	   2.30464700
SMC V0818   	17.20	18.100	   1.27084400
SMC V0820   	17.20	17.600	   1.17032600
SMC V0875   	17.20	18.000	   1.88104000
SMC V0970   	17.20	18.100	   2.76120000
SMC V0979   	17.20	17.900	   1.66120100
SMC V1020   	17.20	17.900	   1.40355600
SMC V1126   	17.20	18.300	   1.28063300
SMC V1364   	17.20	18.000	   1.49289900
SMC V1388   	17.20	17.700	   1.93795800
SMC V1704   	17.20	17.700	   1.04716000
SMC V1839   	17.20	17.900	   1.78746700
SMC V1854   	17.20	18.000	   1.62193600
SMC V2174   	17.20	17.400	   2.01991500
SMC V0227   	17.30	18.200	   1.52694600
SMC V0263   	17.30	17.700	   1.62765200
SMC V0278   	17.30	17.800	   2.40328600
SMC V0311   	17.30	18.200	   1.73208000
SMC V0318   	17.30	18.200	   2.24354400
SMC V0319   	17.30	17.900	   1.91463800
SMC V0370   	17.30	18.100	   3.04889800
SMC V0391   	17.30	18.200	   1.18755200
SMC V0443   	17.30	17.900	   1.76130100
SMC V0793   	17.30	18.000	   1.96250200
SMC V0831   	17.30	17.900	   2.02609600
SMC V0929   	17.30	18.300	   1.84740000
SMC V0961   	17.30	18.100	   1.59827100
SMC V1060   	17.30	18.100	   1.73457500
SMC V1208   	17.30	18.000	   1.77877700
SMC V1328   	17.30	18.400	   1.77781200
SMC V1366   	17.30	18.000	   2.06010100
SMC V1380   	17.30	18.200	   1.36584400
SMC V1408   	17.30	17.700	   3.21347100
SMC V1410   	17.30	18.300	   1.60201500
SMC V1455   	17.30	17.800	   1.12675400
SMC V1526   	17.30	18.400	   1.54027200
SMC V1619   	17.30	17.800	   1.63444600
SMC V1713   	17.30	17.800	   1.31165300
SMC V1715   	17.30	17.700	   1.32286500
SMC V1731   	17.30	18.200	   1.58434900
SMC V1763   	17.30	18.100	   1.50305200
SMC V1797   	17.30	18.300	   1.53455700

